Job Title,Keyword
Data Analyst,analysis
Data Analyst,SQL
Data Analyst,Python
Data Analyst,R
Data Analyst,data
Data Analyst,statistics
Data Analyst,Excel
Data Analyst,Tableau
Data Analyst,PowerBI
Data Analyst,business intelligence
Software Engineer,Python
Software Engineer,Java
Software Engineer,C++
Software Engineer,software development
Software Engineer,algorithms
Software Engineer,data structures
Software Engineer,Git
Software Engineer,Docker
Software Engineer,Kubernetes
Software Engineer,Jenkins
Software Engineer,AWS
Software Engineer,computer science degree
Software Engineer,agile development
Software Engineer,full-stack development
Project Manager,project management
Project Manager,agile
Project Manager,scrum
Project Manager,stakeholder management
Project Manager,scheduling
Project Manager,MS Project
Project Manager,JIRA
Project Manager,Confluence
Project Manager,Trello
Project Manager,PMP certification
Project Manager,bachelor's degree
Project Manager,agile methodologies
Marketing Specialist,SEO
Marketing Specialist,content marketing
Marketing Specialist,digital marketing
Marketing Specialist,analytics
Marketing Specialist,Google Analytics
Marketing Specialist,SEMRush
Marketing Specialist,HubSpot
Marketing Specialist,Hootsuite
Marketing Specialist,marketing degree
Marketing Specialist,social media management
Data Scientist,machine learning
Data Scientist,Python
Data Scientist,data mining
Data Scientist,statistical modeling
Data Scientist,TensorFlow
Data Scientist,PyTorch
Data Scientist,Jupyter
Data Scientist,PhD
Data Scientist,deep learning
DevOps Engineer,continuous integration
DevOps Engineer,automation
DevOps Engineer,containerization
DevOps Engineer,Docker
DevOps Engineer,Jenkins
DevOps Engineer,Kubernetes
DevOps Engineer,AWS
DevOps Engineer,cloud computing
DevOps Engineer,DevOps certification
Product Manager,product strategy
Product Manager,roadmapping
Product Manager,stakeholder management
Product Manager,Jira
Product Manager,Confluence
Product Manager,Trello
Product Manager,MBA
Product Manager,business analysis
UX/UI Designer,wireframing
UX/UI Designer,prototyping
UX/UI Designer,user research
UX/UI Designer,Figma
UX/UI Designer,Adobe XD
UX/UI Designer,Sketch
UX/UI Designer,design degree
UX/UI Designer,user experience design
Cybersecurity Analyst,threat analysis
Cybersecurity Analyst,network security
Cybersecurity Analyst,vulnerability assessment
Cybersecurity Analyst,Wireshark
Cybersecurity Analyst,Nmap
Cybersecurity Analyst,Metasploit
Cybersecurity Analyst,CISSP certification
Cybersecurity Analyst,CEH certification
Finance Analyst,financial modeling
Finance Analyst,forecasting
Finance Analyst,budgeting
Finance Analyst,Excel
Finance Analyst,SAP
Finance Analyst,Oracle Financials
Finance Analyst,CFA certification
Finance Analyst,accounting degree
